{"cameraMode":{"drawMode":0,"name":"Shaded","section":"Shading Mode"},"sceneLighting":false,"audioPlay":false,"sceneViewState":{"m_AlwaysRefresh":false,"showFog":true,"showSkybox":false,"showFlares":true,"showImageEffects":true,"showParticleSystems":true,"showVisualEffectGraphs":true,"m_FxEnabled":true},"in2DMode":false,"pivot":{"x":0.03682124614715576,"y":-0.0924069881439209,"z":-0.31172579526901247},"rotation":{"x":-0.2480476200580597,"y":0.6257271766662598,"z":-0.21980272233486176,"w":-0.7061378359794617},"size":1.307124376296997,"orthographic":false}